nodeId,label
Minh Mạng,NhanVat
Gia Long,NhanVat
Thiệu Trị,NhanVat
Gia Định,DiaDiem
Hiếu lăng,DiaDiem
Hoàng triều Nguyễn,ToChuc
Thuận Thiên Cao Hoàng hậu,NhanVat
Nho giáo,TonGiao
Vua Việt Nam,NhanVat
John Crawfurd,NhanVat
1783,Nam
1868,Nam
Nhà Nguyễn,ToChuc
14 tháng 2,NgayThang
1820,Nam
20 tháng 1,NgayThang
1841,Nam
Tá Thiên Nhân Hoàng hậu,NhanVat
Minh Mạng#Gia quyến,NhanVat
Đăng đàn cung,NhanVat
Thánh Tổ,NhanVat
Đại Việt,NhanVat
Huế,DiaDiem
Đại Nam,DiaDiem
Lăng Minh Mạng,NhanVat
Phật giáo,NhanVat
hoàng đế,NhanVat
nhà Nguyễn,ToChuc
đổi mới,NhanVat
Việt Nam,DiaDiem
Nội các,NhanVat
Cơ mật viện,NhanVat
Hà Nội,DiaDiem
Gia Định thành,NhanVat
Quân đội nhà Nguyễn,ToChuc
Bắc kỳ,NhanVat
Nam kỳ,NhanVat
1822,Nam
thi Hội,ToChuc
thi Đình,NhanVat
kitô giáo,NhanVat
bạo loạn,NhanVat
Phan Bá Vành,NhanVat
Lê Duy Lương,NhanVat
Nông Văn Vân,NhanVat
Lê Văn Khôi,NhanVat
phương Tây,NhanVat
Trấn Ninh,NhanVat
Lào,NhanVat
Chiến tranh Việt-Xiêm (1833&ndash;1834),NhanVat
Chân Lạp,NhanVat
Phnôm Pênh,NhanVat
Trấn Tây Thành,NhanVat
wikt:quốc khố#Tiếng Việt,NhanVat
Xiêm La,NhanVat
23 tháng 4,NgayThang
Tân Hợi,NhanVat
25 tháng 5,NgayThang
1791,Nam
Thành phố Hồ Chí Minh,NhanVat
"Chiến tranh Tây Sơn-Chúa Nguyễn, 1787-1802",NhanVat
Trần Trọng Kim,NhanVat
Việt Nam sử lược,NhanVat
Đàng Trong,NhanVat
Vương Hồng Sển,NhanVat
nhà Tây Sơn,NhanVat
1800,Nam
1805,Nam
sông Hương,NhanVat
Nguyễn Huỳnh Đức,NhanVat
Lê Văn Duyệt,NhanVat
Đặng Đức Siêu,NhanVat
thái tử,NhanVat
Nguyễn Phúc Cảnh,NhanVat
1801,Nam
Thái tử,NhanVat
thiên Chúa giáo,NhanVat
Pháp,NhanVat
Nguyễn Văn Thành (quan nhà Nguyễn),ToChuc
1815,Nam
Tập tin:MinhMang.jpg,NhanVat
Tháng mười hai,NhanVat
Kỷ Mão,NhanVat
Canh Thìn,NhanVat
Ngoại giao Việt Nam thời Nguyễn,NhanVat
xã hội,ToChuc
Tập tin:7 Tiền Phi Long Minh Mạng 1833.png,NhanVat
Xu bạc,NhanVat
Tiền thưởng triều Nguyễn,NhanVat
Đô la Tây Ban Nha,NhanVat
Đô la thương mại,NhanVat
Tập tin:DaiNamNhatThongToanDo 1834-1838.jpg,NhanVat
Nhà Thanh,NhanVat
Tên gọi Việt Nam,NhanVat
15 tháng 2,NgayThang
1839,Nam
1945,Nam
Đại Nam thực lục,NhanVat
Quốc sử quán (nhà Nguyễn),ToChuc
Nguyễn Hoàng,NhanVat
Việt Thường,NhanVat
luật pháp,NhanVat
vua,NhanVat
tham nhũng,NhanVat
chiến tranh,NhanVat
1831,Nam
wikt:dinh#Tiếng Việt,NhanVat
trấn,NhanVat
tỉnh,NhanVat
1832,Nam
Bắc Kỳ,NhanVat
1834,Nam
Trung Kỳ,NhanVat
Nam Kỳ,NhanVat
1836,Nam
Tổng đốc,NhanVat
Tuần phủ,NhanVat
Thừa Thiên,NhanVat
Án sát,NhanVat
Lãnh binh,NhanVat
1829,Nam
1830,Nam
Viện cơ mật (Huế),NhanVat
Tông Nhân phủ,NhanVat
Tập tin:Maps of Vietnam during the reign of Emperor Minh Mạng (1820-1841).png,NhanVat
Campuchia,NhanVat
1887,Nam
Hành chính Việt Nam thời Nguyễn,NhanVat
diện tích,NhanVat
dân số,NhanVat
người Việt,NhanVat
thuế,NhanVat
Bính Thân,NhanVat
Cao Bằng,NhanVat
Phan Huy Lê,NhanVat
chế độ quân chủ,NhanVat
Lê Thánh Tông,NhanVat
1471,Nam
bộ binh,NhanVat
kỵ binh,NhanVat
voi,NhanVat
Bắc Hà,NhanVat
Quảng Nam,NhanVat
Bình Định,NhanVat
Nghệ An,NhanVat
Quảng Bình,NhanVat
Quảng Ngãi,NhanVat
Thanh Hóa,NhanVat
Quảng Trị,NhanVat
Phú Yên,NhanVat
Bình Thuận,NhanVat
Ninh Bình,NhanVat
Bắc Thành,NhanVat
Gia Định Thành,NhanVat
người Pháp,NhanVat
"Tập tin:Minh Mạng thông bảo, 1820-1840 AD - Museum of Vietnamese History - Ho Chi Minh City - DSC05936.JPG",NhanVat
Thuế thân,NhanVat
thuế điền,NhanVat
Nam Hà,NhanVat
người Hoa,NhanVat
nhà Thanh,NhanVat
thuế mỏ,NhanVat
thuế sản vật,NhanVat
thơ,NhanVat
lịch sử,NhanVat
địa lý,NhanVat
Gia Định thành thông chí,NhanVat
Lịch triều hiến chương loại chí,NhanVat
Tùng Thiện Vương,NhanVat
Tuy Lý Vương,NhanVat
Tương An Quận Vương,NhanVat
nhà văn,NhanVat
nhà thơ,NhanVat
Tự Đức,NhanVat
1821,Nam
Quốc tử giám,NhanVat
1826,Nam
Hoàng thành Huế,NhanVat
kinh thành Huế,NhanVat
kiến trúc,NhanVat
phương Đông,NhanVat
trang phục,NhanVat
Miền Bắc (Việt Nam),NhanVat
Miền Nam (Việt Nam),NhanVat
Nam Bộ Việt Nam,NhanVat
Trịnh Hoài Đức,NhanVat
tiếng Pháp,NhanVat
Tiếng Thái,NhanVat
hủ nho,NhanVat
nhân phẩm,NhanVat
ruộng đất,NhanVat
đê,NhanVat
Bắc Bộ Việt Nam,NhanVat
khai hoang,NhanVat
thủy lợi,NhanVat
Hưng Yên,NhanVat
nông nghiệp,NhanVat
máy cưa,NhanVat
trâu,NhanVat
nước,NhanVat
máy xẻ gỗ,NhanVat
Nguyễn Văn Túy,NhanVat
thuốc súng,NhanVat
1837,Nam
1838,Nam
xe cứu hỏa,NhanVat
Hoàng Văn Lịch,NhanVat
Vũ Huy Trịnh,NhanVat
1840,Nam
1764,Nam
Wikt:hiềm khích,NhanVat
Wikt:tư thù,NhanVat
1833,Nam
1835,Nam
cuộc nổi dậy Lê Văn Khôi,NhanVat
Hà Tông Quyền,NhanVat
Nguyễn Tri Phương,NhanVat
Hoàng Quýnh,NhanVat
Lê Chất,NhanVat
1769,Nam
nông dân,NhanVat
Phạm Văn Sơn,NhanVat
Wikt:nổi dậy,NhanVat
Xiêm,NhanVat
Nhà Lê trung hưng,NhanVat
Nam Định,NhanVat
Tuyên Quang,NhanVat
Hải Dương,NhanVat
Nguyễn Công Trứ,NhanVat
Nguyễn Đức Nhuận,NhanVat
Nguyễn Hữu Thận,NhanVat
Đinh Hợi,NhanVat
1827,Nam
Phạm Văn Lý,NhanVat
Tháng ba,NhanVat
nhà Hậu Lê,NhanVat
Hưng Hóa,DiaDiem
Nghệ Tĩnh,NhanVat
Tạ Quang Cự,NhanVat
thành Gia Định,NhanVat
2 tháng 7,NgayThang
Bảo Lạc,NhanVat
Hà Giang,NhanVat
Bắc Kạn,NhanVat
Lạng Sơn,NhanVat
Thái Nguyên,NhanVat
11 tháng 3,NgayThang
Thẩm Bát,NhanVat
Wiktionary:Nông Văn Vân,NhanVat
người Chăm,NhanVat
Panduranga,NhanVat
Katip Sumat,NhanVat
Hồi giáo,NhanVat
Nổi dậy Katip Sumat,NhanVat
Phan Rang,NhanVat
Po War Palei,NhanVat
Po Phaok The,NhanVat
Việt sử toàn thư,NhanVat
Tống Phước Lương,NhanVat
Nguyễn Xuân,NhanVat
Phan Văn Thúy,NhanVat
Trương Minh Giảng,NhanVat
Trần Văn Năng,NhanVat
Tháng tám,NhanVat
Thái Công Triều,NhanVat
Rama III,NhanVat
Chao Phraya Bodin Decha,NhanVat
Prayurawongse,NhanVat
Vàm Nao (sông),NhanVat
thành Bát Quái,NhanVat
Tháng chín,NhanVat
Cố đô Huế,NhanVat
Joseph Marchand,NhanVat
Mạch Tấn Giai,NhanVat
tùng xẻo,NhanVat
J. Silvestre,NhanVat
Trung Quốc,NhanVat
Nhà Tây Sơn,NhanVat
nhà Lê,NhanVat
chiến tranh Nha phiến,NhanVat
Thái Lan,NhanVat
vương triều Chakri,NhanVat
Rama I,NhanVat
Rama II,NhanVat
Vạn Tượng,NhanVat
Anouvong,NhanVat
1828,Nam
Nguyễn Văn Xuân (tướng nhà Nguyễn),ToChuc
Viêng Chăn,NhanVat
Phạm Văn Điển,NhanVat
Tham tán Quân vụ,NhanVat
Lê Đăng Doanh (quan nhà Nguyễn),ToChuc
Chiến tranh Việt–Xiêm (1833-1834),NhanVat
Tên gọi Việt Nam#Đại Nam,NhanVat
Xamneua,NhanVat
Bồn Man,NhanVat
Khammuane,NhanVat
Savannakhet,NhanVat
Lê Đại Cương,NhanVat
Giáp Ngọ,NhanVat
Ang Chan II,NhanVat
Ang Mey,NhanVat
Ang Duong,NhanVat
Ang Em (hoàng tử),NhanVat
An Giang,NhanVat
châu Âu,NhanVat
Chaigneau,NhanVat
thương ước,NhanVat
chính phủ,NhanVat
Lãnh sự Pháp ở Việt Nam,NhanVat
Vùng văn hóa Đông Á,NhanVat
Hoa Kỳ,NhanVat
Nhâm Thìn,NhanVat
Edmund Roberts,NhanVat
Tổng thống Hoa Kỳ,NhanVat
Andrew Jackson,NhanVat
Tập tin:Matyrdom of Saint Pierre Borie 1838 Vietnam.jpg,NhanVat
Pierre Borie,NhanVat
Công giáo Rôma,NhanVat
Ất Dậu,NhanVat
1825,Nam
Đà Nẵng,NhanVat
tiếng Việt,NhanVat
xử giảo,NhanVat
giáo dân,NhanVat
Nero,NhanVat
Đế quốc La Mã,NhanVat
Phêrô,NhanVat
giáo hoàng,NhanVat
64,NhanVat
Hội Thừa sai Paris,ToChuc
Louis-Philippe I của Pháp,NhanVat
Triều Nguyễn và lịch sử của chúng ta,NhanVat
Công giáo,NhanVat
Thành Bát Quái,NhanVat
Chao Phraya Bodin,NhanVat
Vịnh Thái Lan,NhanVat
Chợ Thủ,NhanVat
Châu Đốc,NhanVat
Hà Tiên (tỉnh),NhanVat
Nam Vang,NhanVat
bảo hộ,NhanVat
Hồ Tonlé Sap,NhanVat
Dương Văn Phong,NhanVat
Lê Văn Đức,NhanVat
Doãn Uẩn,NhanVat
thuế đinh,NhanVat
Vọng Các,NhanVat
Battambang,NhanVat
Oudong,NhanVat
Nguyễn Tiến Lâm,NhanVat
Chiến tranh Việt–Xiêm (1841-1845),NhanVat
Vương quốc Viêng Chăn,NhanVat
phủ Trà Lân,NhanVat
1823,Nam
người Thái,NhanVat
Liên bang Đông Dương,NhanVat
1893,Nam
Huaphanh,NhanVat
Xiengkhuang,NhanVat
Tập tin:Tombeau de Minh Mang.jpg,NhanVat
thế kỷ 20,NhanVat
Trương Đăng Quế,NhanVat
chết,NhanVat
28 tháng 12,NgayThang
Canh Tý,NhanVat
điện Quang Minh,NhanVat
miếu hiệu,NhanVat
Thụy hiệu,NhanVat
lăng Minh Mạng,NhanVat
Hương Trà,NhanVat
miền Nam Việt Nam,NhanVat
Sự kiện 30 tháng 4 năm 1975,NhanVat
Tập tin:Minh Mạng mausoleum.jpg,NhanVat
Minh Mạng thang,NhanVat
Tập tin:Imperial Tomb of Emperor Minh Mang (12088469713).jpg,NhanVat
hoàng hậu,NhanVat
Hồ Thị Hoa,NhanVat
1807,Nam
Lăng Thiệu Trị,NhanVat
Hương Thủy,NhanVat
Minh Mạng chính yếu,NhanVat
thiên tai,NhanVat
30 tháng 11,NgayThang
28 tháng 6,NgayThang
Hồ Văn Bôi,NhanVat
Ngô Thị Chính,NhanVat
1792,Nam
1843,Nam
Ngô Văn Sở (nhà Nguyễn),ToChuc
Phạm Thị Tuyết,NhanVat
1812,Nam
Quang lộc tự,NhanVat
Phạm Văn Chẩn,NhanVat
Trần Thị Tuyến,NhanVat
16 tháng 12,NgayThang
4 tháng 1,NgayThang
1852,Nam
Trần Công Nghị,NhanVat
Nguyễn Thị Bảo,NhanVat
7 tháng 9,NgayThang
12 tháng 9,NgayThang
1851,Nam
Nguyễn Khắc Thiệu,NhanVat
Trần Thị Huân,NhanVat
Trần Văn Hùng (nhà Nguyễn),ToChuc
Hồ Thị Tùy,NhanVat
1795,Nam
23 tháng 11,NgayThang
Hồ Văn Chiêm,NhanVat
Nguyễn Thị Khuê,NhanVat
Nguyễn Văn Thanh,NhanVat
Nguyễn Thị Thúy Trúc,NhanVat
Nguyễn Gia Quý,NhanVat
Lê Thị Ái,NhanVat
17 tháng 11,NgayThang
1799,Nam
8 tháng 10,NgayThang
1863,Nam
Lê Tiến Thành,NhanVat
Nguyễn Thị Viên,NhanVat
Lương Thị Nguyện,NhanVat
18 tháng 10,NgayThang
9 tháng 12,NgayThang
1871,Nam
Lương Đình Suất,NhanVat
Cái Thị Trinh,NhanVat
Cái Văn Hợp,NhanVat
Nguyễn Thị Trường,NhanVat
1796,Nam
19 tháng 11,NgayThang
Nguyễn Hữu Trạc,NhanVat
Đỗ Thị Tùng,NhanVat
Đỗ Văn Thạch,NhanVat
Đỗ Thị Tâm (nhà Nguyễn),ToChuc
27 tháng 9,NgayThang
1809,Nam
12 tháng 4,NgayThang
Lê Thị Lộc,NhanVat
27 tháng 1,NgayThang
7 tháng 3,NgayThang
1847,Nam
Trần Tiến Thành,NhanVat
Nguyễn Thị Hạnh,NhanVat
20 tháng 4,NgayThang
1881,Nam
Nguyễn Thị Bân,NhanVat
Đoàn Thị Thụy,NhanVat
Đoàn Đức Nghị,NhanVat
Đinh Thị Nghĩa,NhanVat
Trần Thị Tiền,NhanVat
Nguyễn Thị Tính,NhanVat
Nguyễn Công Tiệp,NhanVat
Đỗ Thị Cương,NhanVat
Trần Thị Thanh,NhanVat
Trần Thị Trúc,NhanVat
Trần Thị Tiêm,NhanVat
Bùi Thị San,NhanVat
Trần Thị Nghiêm,NhanVat
1798,Nam
Nguyễn Văn Châu,NhanVat
Cung tần,NhanVat
ngũ hành,NhanVat
thổ,NhanVat
kim,NhanVat
thủy,NhanVat
mộc,NhanVat
hỏa,NhanVat
Cao Xuân Dục,NhanVat
Ngô Tất Tố,NhanVat
Lê Duy Cự,NhanVat
Khách Lam Đường,NhanVat
Nhà Lê sơ,NhanVat
chúa Nguyễn,NhanVat
thực dân Pháp,NhanVat
nhà Trần,NhanVat
nhà Hồ,NhanVat
Lê Thái Tổ,NhanVat
Lê Nhân Tông,NhanVat
phong kiến,NhanVat
chủ nghĩa tư bản,NhanVat
nhà Minh,NhanVat
Keith Weller Taylor,NhanVat
đồng bằng sông Cửu Long,NhanVat
Rượu Minh Mạng,NhanVat
Thể loại:Vua nhà Nguyễn,ToChuc
Thể loại:Người Thanh Hóa,NhanVat
Thể loại:Người Huế,NhanVat
Thể loại:Người cải cách Việt Nam,NhanVat
Thể loại:Sinh tại Sài Gòn,NhanVat
Thể loại:Hoàng tử Gia Long,NhanVat
Thể loại:Nhiếp chính thế kỷ 19,NhanVat
Thể loại:Người Thành phố Hồ Chí Minh,NhanVat
Nguyễn Phúc Dương,NhanVat
Kết thúc,NhanVat
Phú Xuân,DiaDiem
Thừa Thiên Cao Hoàng Hậu,NhanVat
Nguyễn Phúc,ToChuc
Nguyễn Phúc Luân,NhanVat
Nguyễn Thị Hoàn,NhanVat
Khổng giáo,TonGiao
Tống Phúc Thị Lan,NhanVat
Trần Thị Đang,NhanVat
Thiên Thọ Lăng,NhanVat
Chúa Nguyễn,NhanVat
Nguyễn Phước tộc,NhanVat
tên húy,NhanVat
người Việt Nam,NhanVat
triều đại,NhanVat
quân chủ,NhanVat
lịch sử Việt Nam,NhanVat
1802,Nam
Nguyễn Phúc Khoát,NhanVat
1777,Nam
Tây Sơn,NhanVat
1787,Nam
Nam Bộ,NhanVat
Quang Trung,NhanVat
Các tên gọi của nước Việt Nam,NhanVat
vịnh Thái Lan,NhanVat
Quần đảo Hoàng Sa,NhanVat
Quần đảo Trường Sa,NhanVat
Khâm định Việt sử Thông giám cương mục,NhanVat
xây dựng,NhanVat
quân đội,ToChuc
Công giáo tại Việt Nam,NhanVat
cải cách,NhanVat
Hoàng Việt luật lệ,NhanVat
luật Hồng Đức,NhanVat
Đế quốc thực dân Pháp,NhanVat
15 tháng 1,NgayThang
Nhâm Ngọ,NhanVat
8 tháng 2,NgayThang
1762,Nam
sông Gianh,NhanVat
nhà Lê trung hưng,NhanVat
chúa Trịnh,NhanVat
1765,Nam
Trương Phúc Loan,NhanVat
Nguyễn Phúc Thuần,NhanVat
1771,Nam
Nguyễn Nhạc,NhanVat
Nguyễn Lữ,NhanVat
1775,Nam
Hoàng Ngũ Phúc,NhanVat
Đỗ Thanh Nhơn,NhanVat
Lý Tài,NhanVat
Sơn Nam,NhanVat
Long An,NhanVat
Mỹ Tho,NhanVat
sông Tiền,NhanVat
Nguyễn Ánh,NhanVat
Cao Miên,NhanVat
Trương Phước Thận,NhanVat
Thái thượng vương,NhanVat
Nguyễn Huệ,NhanVat
"Chiến tranh Tây Sơn-Chúa Nguyễn, 1787-1802#Tây Sơn tiêu diệt chúa Nguyễn",NhanVat
Linh mục,NhanVat
Phaolô Hồ Văn Nghị,NhanVat
Rạch Giá,NhanVat
Giám mục,NhanVat
Société des Missions Étrangères,NhanVat
Bá Đa Lộc,NhanVat
Thổ Châu,NhanVat
Long Xuyên (huyện),NhanVat
Sa Đéc,NhanVat
Lê Văn Quân,NhanVat
Nguyễn Văn Hoằng,NhanVat
Tống Phước Khuông,NhanVat
Tống Phước Luông,NhanVat
Hồ Văn Lân,NhanVat
Lấp Vò,NhanVat
Đồng Tháp,NhanVat
Lai Vung,NhanVat
sông Hậu,NhanVat
Bảo Tiền (Đồng Tháp),NhanVat
Bảo Hậu,NhanVat
long Hồ (dinh),NhanVat
Tổng đốc Chu,NhanVat
Tập tin:Bản Đồ Xứ Gia Định Hậu Bản XVIII.png,NhanVat
thế kỷ XVIII,NhanVat
Long Xuyên,NhanVat
thế kỷ XIX,NhanVat
1778,Nam
tháng hai,NhanVat
Phạm Ngạn,NhanVat
Trấn Biên,NhanVat
Phiên Trấn,NhanVat
Bến Lức,NhanVat
Bến Nghé,NhanVat
1779,Nam
Thành Gia Định,NhanVat
Tống Phúc Thiêm,NhanVat
1781,Nam
Đông Sơn (quân đội),ToChuc
Tống Văn Phước,NhanVat
Dương Công Trừng,NhanVat
Tháng một,NhanVat
1780,Nam
Lê Hiển Tông,NhanVat
Bửu tỷ triều Nguyễn,NhanVat
ngọc tỷ truyền quốc,NhanVat
Quảng Đông,NhanVat
Hà Tiên,NhanVat
Taksin,NhanVat
Tôn Thất Xuân,NhanVat
Mạc Thiên Tứ,NhanVat
Băng Cốc,NhanVat
Mạc Tử Dung,NhanVat
Tháng mười,NhanVat
Maha Sura Singhanat,NhanVat
Nguyễn Hữu Thụy,NhanVat
Tập tin:Tdtu- gl tau quoc 1.jpg,NhanVat
Gia Long tẩu quốc,NhanVat
Tân Dân Tử,NhanVat
tiểu thuyết,NhanVat
cải lương,NhanVat
mùa hạ,NhanVat
Bồ Đào Nha,NhanVat
1782,Nam
sông Ngã Bảy,NhanVat
Cần Giờ,NhanVat
Romdoul,NhanVat
svay Rieng (tỉnh),NhanVat
tháng tư,NhanVat
Ang Eng,NhanVat
người Hoa (Việt Nam),NhanVat
Hòa Nghĩa,NhanVat
Cù lao Phố,NhanVat
Hội An,ToChuc
Giồng Lữ,NhanVat
Hậu Giang,NhanVat
Phú Quốc,NhanVat
Quy Nhơn,NhanVat
Châu Văn Tiếp,NhanVat
Lê Phước Điển,NhanVat
Lê Phước Bình,NhanVat
sông Vàm Cỏ,NhanVat
Nguyễn Phước Mân,NhanVat
Đồng Tuyên,NhanVat
trận Đồng Tuyên,NhanVat
Vàm Cỏ Đông,NhanVat
Người Hoa (Việt Nam),NhanVat
Trương Phước Nhạc,NhanVat
hòn Đá Chồng,NhanVat
Phan Tuấn Thuận,NhanVat
đảo Côn Lôn,NhanVat
Huỳnh Minh,NhanVat
Tạ Chí Đại Trường,NhanVat
Koh Rong,NhanVat
Côn Đảo,NhanVat
Trương Văn Đa,NhanVat
Cổ Cốt,NhanVat
Chanthaburi (tỉnh),NhanVat
Louis XVI của Pháp,NhanVat
Ma Ly,NhanVat
xã Tam Tân,NhanVat
Bình Tuy,NhanVat
La Gi,NhanVat
Cà Mau,NhanVat
sông Ông Đốc,NhanVat
Quản Nguyệt,NhanVat
Nguyễn Hóa,NhanVat
hòn Chông,NhanVat
1784,Nam
Giáp Thìn,NhanVat
Bangkok,NhanVat
tháng ba,NhanVat
Thống chế Điều bát,NhanVat
Người Khmer (Việt Nam),NhanVat
Mạc Tử Sanh,NhanVat
Krom Luang Thepharirak,NhanVat
Sóc Trăng,NhanVat
Trà Ôn,NhanVat
Mang Thít,NhanVat
Cần Thơ,NhanVat
Vũng Bèo,NhanVat
Tập tin:Rạch Gầm-Xoài Mút 2.JPG,NhanVat
25 tháng 1,NgayThang
1785,Nam
trận Rạch Gầm – Xoài Mút,NhanVat
Trấn Giang,NhanVat
Samsen,NhanVat
Bangpho,NhanVat
Tập tin:Pigneau de Behaine portrait.jpg,NhanVat
tháng mười hai,NhanVat
Melaka,NhanVat
Puducherry,NhanVat
Ấn Độ,NhanVat
1786,Nam
Myanmar,NhanVat
Sai Yok (huyện),NhanVat
Mã Lai,NhanVat
Tập tin:Signatures of the 1787 Treaty of Versailles.jpg,NhanVat
Hiệp ước Versailles (1787),NhanVat
Pondicherry,NhanVat
cảng,NhanVat
Lorient,NhanVat
tháng năm,NhanVat
28 tháng 11,NgayThang
lâu đài Versailles,NhanVat
Armand Marc de Montmorin Saint-Hérem,NhanVat
tàu,NhanVat
tàu frigate,NhanVat
Cafres,NhanVat
vũ khí,NhanVat
côn Đảo,NhanVat
thương mại,NhanVat
Viễn Đông,NhanVat
Cách mạng Pháp,NhanVat
1789,Nam
1858,Nam
Trần Văn Giàu,NhanVat
Paris,NhanVat
An Nam,NhanVat
Goa,NhanVat
Phạm Văn Nhân,NhanVat
Hòn Tre (An Giang),NhanVat
Cần Giờ (huyện),NhanVat
Tập tin:Miếu Gia Long.jpg,NhanVat
Miếu Gia Long,NhanVat
Nguyễn Văn Trương,NhanVat
Phạm Văn Tham,NhanVat
Biên Hòa,NhanVat
Cù lao Hổ,NhanVat
sông Ba Lai,NhanVat
Trà Ôn (thị trấn),NhanVat
Nguyễn Văn Hưng,NhanVat
1788,Nam
Võ Tánh,NhanVat
Vĩnh Long,NhanVat
Sông Hàm Luông,NhanVat
Tập tin:Jean-Marie Dayot.jpg,NhanVat
Jean-Marie Dayot,NhanVat
Thị Nại,NhanVat
1793,Nam
27 tháng 12,NgayThang
14 tháng 7,NgayThang
vương triều Bourbon,NhanVat
Đệ Nhất Cộng hòa Pháp,NhanVat
Thomas Conway,NhanVat
franc Pháp,NhanVat
súng,NhanVat
đạn,NhanVat
tàu chiến,NhanVat
Jean-Baptiste Chaigneau,NhanVat
Philippe Vannier,NhanVat
De Forcant,NhanVat
Olivier de Puymanel,NhanVat
Bà Rịa,NhanVat
#Ổn định Nam Hà,NhanVat
cách mạng Pháp,NhanVat
Minh Hương,NhanVat
Võ Trường Toản,NhanVat
Phiên An (trấn),NhanVat
Biên Hòa (trấn),NhanVat
Vĩnh Thanh (trấn),NhanVat
Định Tường (trấn),NhanVat
Lê Quang Định,NhanVat
Ngô Tùng Châu,NhanVat
Hoàng Minh Khánh,NhanVat
1790,Nam
Ngụ binh ư nông,NhanVat
Vàm Cỏ,NhanVat
hộc,NhanVat
lúa,NhanVat
phương (định hướng),NhanVat
thăng,NhanVat
Lê Chiêu Thống,NhanVat
gạo,NhanVat
kẽm,NhanVat
sắt,NhanVat
đồng,NhanVat
diêm,NhanVat
lưu huỳnh,NhanVat
gang,NhanVat
chì,NhanVat
Batavia,NhanVat
Transquebar,NhanVat
người Khmer (Việt Nam),NhanVat
Ba Trắc,NhanVat
Ba Lai,NhanVat
phù thủy,NhanVat
đổ bác,NhanVat
Lên đồng,NhanVat
Tập tin:Citadel of Saigon before 1835.png,NhanVat
Trương Vĩnh Ký,NhanVat
Nguyễn Đình Đầu,NhanVat
Theodore Lebrun,NhanVat
olivier de Puymanel,NhanVat
mét,NhanVat
Vauban,NhanVat
Châu Âu,NhanVat
đường (chất),NhanVat
Đồng Tranh,NhanVat
Vũng Tàu,NhanVat
phong hỏa đài,NhanVat
Thành Cá Trê,NhanVat
Thành Vàm Cỏ,NhanVat
sở Hoạn dưỡng,NhanVat
Đền Hiển Trung,NhanVat
Sinh Trung,NhanVat
dầu rái,NhanVat
cân,NhanVat
thuế thân,NhanVat
Trấn Định,NhanVat
Vĩnh Trấn,NhanVat
Kiên Giang,NhanVat
rừng Quang Hóa,NhanVat
Tây Ninh,NhanVat
tam tài,NhanVat
can chi,NhanVat
tàu pháo,NhanVat
John Barrow,NhanVat
1797,Nam
Nha Trang,NhanVat
Trận Thị Nại (1801),NhanVat
hiệp ước Versailles (1787),NhanVat
Georges Dutton,NhanVat
Đại học California tại Los Angeles,NhanVat
Pigneau de Behaine,NhanVat
Tập tin:Lược đồ vùng kiểm soát các phe năm 1790 trong cuộc nội chiến tại Đại Việt.svg,NhanVat
Phan Rí Cửa,NhanVat
Phan Rang – Tháp Chàm,NhanVat
giáo sĩ,NhanVat
Nguyễn Quang Toản,NhanVat
Lê Duy Cận,NhanVat
Bùi Đắc Tuyên,NhanVat
Thơ#Lục bát,NhanVat
Võ Di Nguy,NhanVat
Nguyễn Phước Hội,ToChuc
Nguyễn Văn Hòa,NhanVat
Chưởng cơ Cố,NhanVat
Diên Khánh,NhanVat
Nguyễn Văn Bảo,NhanVat
Ngô Văn Sở,NhanVat
Phạm Công Hưng,NhanVat
Chưởng cơ Thiêm,NhanVat
thành cổ Diên Khánh,NhanVat
Phù Ly,NhanVat
Tập tin:Dien Khanh front gate.JPG,NhanVat
Thoại Ngọc Hầu,NhanVat
Inthavong,NhanVat
1794,Nam
Trần Quang Diệu,NhanVat
Ba Ngòi,NhanVat
Khánh Hòa,NhanVat
23 tháng 5,NgayThang
núi Chúa,NhanVat
Ninh Thuận,NhanVat
Đại Cổ Lũy,NhanVat
Lê Trung,NhanVat
Vũ Văn Dũng,NhanVat
Phan Huy Ích,NhanVat
Tôn Thất Hiệp (tướng nhà Nguyễn),ToChuc
Đèo Hải Vân,NhanVat
Thuận Hóa,NhanVat
Lưu Phước Tường,NhanVat
Đặng Trần Thường,NhanVat
Ngô Nhân Tịnh,NhanVat
Phạm Thận,NhanVat
Vũ Tuấn,NhanVat
Lê Văn Thanh,NhanVat
Trương Tấn Thúy,NhanVat
Nguyễn Đại Phác,NhanVat
Tập tin:Võ_Tánh_Trung_tiết_anh_hùng.png,NhanVat
cuộc bao vây thành Quy Nhơn,NhanVat
tháng một,NhanVat
Cuộc bao vây thành Quy Nhơn,NhanVat
1 tháng 5,NgayThang
cửa Tư Hiền,NhanVat
Phạm Văn Trị,NhanVat
cửa Thuận An,NhanVat
Nguyễn Quang Thùy,NhanVat
Nhật Lệ,NhanVat
Bùi Thị Xuân,NhanVat
Võ Văn Dũng,NhanVat
Tây Nguyên,NhanVat
1853,Nam
Bính Dần,NhanVat
1806,Nam
Thăng Long,NhanVat
Nguyễn Văn Siêu,NhanVat
7 tháng 11,NgayThang
Nhâm Tuất,NhanVat
1 tháng 12,NgayThang
Trần Quang Diệu#Cái chết,NhanVat
Ngô Thì Nhậm,NhanVat
Đỗ Bang,NhanVat
20 tháng 10,NgayThang
Nguyễn Phúc Đồng,NhanVat
Nguyễn Phúc Điển,NhanVat
Nguyễn Phúc Hạo,NhanVat
Nguyễn Phúc Mân,NhanVat
Nguyễn Phúc Ngọc Tuyền,NhanVat
Chúa Trịnh,NhanVat
Mãn Thanh,NhanVat
Xuân Thu,NhanVat
Công Dương truyện,NhanVat
Trang công,NhanVat
Nguyễn Kim,NhanVat
lục bộ,NhanVat
Thượng thư,NhanVat
Bộ trưởng,NhanVat
đô sát viện nhà Nguyễn,ToChuc
quan chế Triều Nguyễn,NhanVat
tiền dưỡng liêm,NhanVat
Tập tin:Lược đồ tổ chức hành chính và quân sự của Việt Nam thời nhà Nguyễn.svg.svg,ToChuc
Đô sát viện nhà Nguyễn,ToChuc
Tam Pháp Ty (nhà Nguyễn),ToChuc
Đại lý tự Nhà Nguyễn,ToChuc
Lê Thành Khôi,NhanVat
Nguyễn Văn Nhân,NhanVat
Tổng trấn Bắc Hà,NhanVat
Vùng miền Trung,NhanVat
Vùng Kinh kỳ,NhanVat
Tổng trấn Nam Hà,NhanVat
1816,Nam
Jean-Louis Taberd,NhanVat
Tập tin:Imperial Academy of Hue.jpg,NhanVat
Quốc Tử Giám (Huế),NhanVat
Văn Miếu Huế,NhanVat
1908,Nam
Duy Tân,NhanVat
Văn Miếu,NhanVat
Khổng Tử,NhanVat
thi Hương,NhanVat
chữ Nôm,NhanVat
Hoa Tiên,NhanVat
Nguyễn Huy Tự,NhanVat
Truyện Kiều,NhanVat
Nguyễn Du,NhanVat
Văn tế tướng sĩ trận vong,NhanVat
Lê Duy Hoán,NhanVat
Phạm Quý Thích,NhanVat
Lê Duy Đản,NhanVat
Vũ Trinh,NhanVat
Nguyễn Đăng Sở,NhanVat
Lam Kinh,NhanVat
hoàng thành Thăng Long,NhanVat
rồng,NhanVat
Khmer,NhanVat
Phật giáo tiểu thừa,NhanVat
Chăm,NhanVat
nam Quan,NhanVat
kênh Vĩnh Tế,NhanVat
kênh Thoại Hà,NhanVat
Nha Đê Chính,NhanVat
Tập tin:Gia Long Thong Bao Hai Mat.jpg,NhanVat
Tiền tệ Việt Nam thời Nguyễn#Các đồng tiền do nhà Nguyễn phát hành,ToChuc
quân sự,NhanVat
sông,NhanVat
ngà voi,NhanVat
nai,NhanVat
bạch đậu khấu,NhanVat
vàng,NhanVat
muối,NhanVat
kim loại,NhanVat
Tiền Việt Nam#Tiền nhà Nguyễn,ToChuc
1813,Nam
Tập tin:清 佚名 《清仁宗嘉庆皇帝朝服像》.jpg,NhanVat
Gia Khánh,NhanVat
Thiên tử,NhanVat
Nam Việt,NhanVat
Triệu Đà,NhanVat
Giáp Tí,NhanVat
1804,Nam
Tề Bố Sâm,NhanVat
Liễu Thăng#Người vàng Liễu Thăng,NhanVat
Tập tin:Jean-Baptiste Chaigneau portrait 1805.jpg,NhanVat
Đông Dương,NhanVat
Louis XVI,NhanVat
1818,Nam
Achille de Kergariou,NhanVat
1819,Nam
đậu mùa,NhanVat
Anh,NhanVat
John W. Roberts,NhanVat
Trà Sơn,NhanVat
David Lance,NhanVat
Mỹ,NhanVat
1803,Nam
7 tháng 6,NgayThang
Manila,NhanVat
Philippines,NhanVat
chính trị,NhanVat
lãnh hải,NhanVat
2 tháng 9,NgayThang
Đinh Mão,NhanVat
Tập tin:National Museum KL 2008 (36).JPG,NhanVat
bunga mas dan perak,NhanVat
Pattani (vương quốc),NhanVat
miền Nam Thái Lan,NhanVat
Mạc Công Bính,NhanVat
Tập tin:Tonkin1893.jpg,NhanVat
Muang Phuan,NhanVat
tôn giáo,NhanVat
thế tục,NhanVat
triều Lý,NhanVat
triều Trần,NhanVat
Công giáo La Mã,NhanVat
Nguyễn Huệ#Tôn giáo,NhanVat
Đạo giáo,NhanVat
quan hệ giữa Nguyễn Ánh và người Pháp,NhanVat
Giáo hội Công giáo Rôma,ToChuc
4 tháng 3,NgayThang
Tập tin:Cửu vị thần công 3.jpg,NhanVat
Cửu vị thần công,NhanVat
Hà Tĩnh,NhanVat
Hưng Hóa (tỉnh),NhanVat
Quảng Yên,NhanVat
Kinh thành Huế,NhanVat
nhà Lý,NhanVat
nhà Mạc,NhanVat
người Nùng,NhanVat
Lý Văn Phúc,NhanVat
Dương Đình Cúc,NhanVat
Lê Đắc Lộc,NhanVat
Thân Vạn Đồng,NhanVat
Mã Sĩ Anh,NhanVat
Cao Văn Dũng,NhanVat
Nguyễn Tình,NhanVat
Sơn Tây trấn,NhanVat
Vũ Đình Khanh,NhanVat
Sơn Nam Hạ,NhanVat
Mường,NhanVat
Quách Tất Thúc,NhanVat
1884,Nam
Nổi dậy ở Đá Vách,NhanVat
1758,Nam
1817,Nam
Gia Long#Truyền ngôi cho Minh Mạng,NhanVat
Nguyễn Phúc Đảm,NhanVat
Nguyễn Phúc Mỹ Đường,NhanVat
đích tôn thừa trọng,NhanVat
Choi Byung Wook,NhanVat
Đại học Quốc gia Hàn Quốc,NhanVat
#Xưng vương,NhanVat
Đinh Sửu,NhanVat
1759,Nam
sinh đồ,NhanVat
phúc thần,NhanVat
Chữ Nôm,NhanVat
Hàn Tín,NhanVat
nhà Hán,NhanVat
Hán Cao Tổ,NhanVat
Đại học Cornell,NhanVat
Đại học British Columbia,NhanVat
Tập tin:Án thờ Gia Long.jpg,NhanVat
Thế Miếu,NhanVat
Tập tin:MausoléeGiaLong.JPG,NhanVat
1814,Nam
Mậu Dần,NhanVat
Phạm Đăng Hưng,NhanVat
băng hà,NhanVat
Treillard,NhanVat
J. M. Despiau,NhanVat
2 tháng 11,NgayThang
19 tháng 12,NgayThang
3 tháng 2,NgayThang
Thái y viện,NhanVat
Xơ gan,NhanVat
Tập tin:Tombe de Gia Long.JPG,NhanVat
chôn cất,NhanVat
Tống Thị Lan,NhanVat
Hoàng tộc lược biên,NhanVat
lăng Gia Long,NhanVat
Thế Tổ Miếu (hoàng thành Huế),NhanVat
điện Phụng Tiên,NhanVat
#Các vụ án công thần,NhanVat
Đại học Huế,NhanVat
Michel Đức Chaigneau,NhanVat
1811,Nam
Người Việt,NhanVat
Chăm Pa,NhanVat
Malaysia,NhanVat
điểu thương,NhanVat
bơi,NhanVat
thế kỷ XX,NhanVat
14 tháng 4,NgayThang
Đại học Western Connecticut State,NhanVat
Encyclopædia Britannica,NhanVat
Đông Á,NhanVat
Tập tin:Tôn nhân phủ ấn.jpg,NhanVat
Tôn Nhân phủ,NhanVat
Trương Thị Dung,NhanVat
1712,Nam
1736,Nam
Nguyễn Phúc Ngọc Tú,NhanVat
Nguyễn Phúc Ngọc Du,NhanVat
Nguyễn Phúc Ngọc Uyển,NhanVat
1810,Nam
19 tháng 1,NgayThang
22 tháng 2,NgayThang
Tống Phúc Khuông,NhanVat
6 tháng 11,NgayThang
1846,Nam
Trần Hưng Đạt,NhanVat
Lê Ngọc Bình,NhanVat
22 tháng 1,NgayThang
10 tháng 10,NgayThang
Lê Ngọc Hân,NhanVat
1808,Nam
31 tháng 10,NgayThang
26 tháng 5,NgayThang
Nguyễn Phúc Bính,NhanVat
Duy Xuyên,NhanVat
Điện Bàn,NhanVat
Dương Trung (định hướng),NhanVat
Thừa Thiên Cao Hoàng hậu,NhanVat
"Thủy Xuân, Huế",NhanVat
6 tháng 4,NgayThang
20 tháng 3,NgayThang
Nguyễn Phúc Hy,NhanVat
21 tháng 5,NgayThang
Nguyễn Phúc Tuấn,NhanVat
Nguyễn Phúc Đài,NhanVat
5 tháng 10,NgayThang
14 tháng 11,NgayThang
1849,Nam
6 tháng 9,NgayThang
16 tháng 8,NgayThang
Nguyễn Phúc Tấn,NhanVat
21 tháng 3,NgayThang
17 tháng 7,NgayThang
1854,Nam
Nguyễn Phúc Phổ,NhanVat
3 tháng 5,NgayThang
11 tháng 9,NgayThang
1860,Nam
Nguyễn Phúc Chẩn,NhanVat
30 tháng 4,NgayThang
26 tháng 10,NgayThang
1824,Nam
Nguyễn Phúc Quân,NhanVat
20 tháng 8,NgayThang
Nguyễn Phúc Cự,NhanVat
2 tháng 10,NgayThang
11 tháng 8,NgayThang
Nguyễn Phúc Quang,NhanVat
10 tháng 9,NgayThang
29 tháng 6,NgayThang
1845,Nam
Nguyễn Phúc Mão,NhanVat
25 tháng 10,NgayThang
18 tháng 8,NgayThang
Nguyễn Phúc Ngọc Châu,NhanVat
Nguyễn Phúc Ngọc Quỳnh,NhanVat
Nguyễn Phúc Ngọc Anh,NhanVat
1850,Nam
Nguyễn Phúc Ngọc Trân,NhanVat
Nguyễn Phúc Ngọc Xuyến,NhanVat
Nguyễn Phúc Ngọc Ngoạn,NhanVat
Mai Đức Nghị,NhanVat
Nguyễn Phúc Ngọc Nga,NhanVat
21 tháng 11,NgayThang
1856,Nam
Nguyễn Đức Xuyên,NhanVat
Nguyễn Phúc Ngọc Cửu,NhanVat
Nguyễn Phúc Ngọc Nguyệt,NhanVat
Nguyễn Phúc Ngọc Ngôn,NhanVat
Lê Văn Phong,NhanVat
Nguyễn Phúc Ngọc Vân,NhanVat
22 tháng 6,NgayThang
1869,Nam
Nguyễn Phúc Ngọc Khuê,NhanVat
Nguyễn Văn Nhơn,NhanVat
Nguyễn Phúc Ngọc Cơ,NhanVat
13 tháng 9,NgayThang
Nguyễn Phúc Ngọc Thành,NhanVat
Tập tin:Prince Canh MEP.jpg,NhanVat
Maupérin,NhanVat
truyền thuyết,NhanVat
Thổ Châu (đảo),NhanVat
Hoàng đế,NhanVat
đế quốc Pháp,NhanVat
Trung cổ,NhanVat
Viện Xã hội học Việt Nam,ToChuc
tiểu nhân,NhanVat
Đại sứ,NhanVat
Hoa kiều,NhanVat
Lưỡng Quảng,NhanVat
Quảng Tây,NhanVat
Hoàng Diệu,NhanVat
Tôn Thất Thuyết,NhanVat
Francis Garnier,NhanVat
Nguyễn Đình Chiểu,NhanVat
Cao Bá Quát,NhanVat
Hồ Xuân Hương,NhanVat
Nhà Tây Sơn#Sự sụp đổ của nhà Tây Sơn,NhanVat
Tử Cấm Thành,NhanVat
vùng miền Trung,NhanVat
Hiệp ước Versailles 1787,NhanVat
Nguyễn Ái Quốc,NhanVat
Đinh Gia Khánh,NhanVat
hiệp ước Versailles năm 1787,NhanVat
Việt gian,NhanVat
Tiền Giang,NhanVat
2008,Nam
Minh Mệnh,NhanVat
Nhà Đinh,NhanVat
Nhà Tiền Lê,NhanVat
Mạc Ngọc Liễn,NhanVat
Mạc Kính Cung,NhanVat
Lịch sử nước ta (thơ lịch sử),NhanVat
Hồ Chí Minh,NhanVat
PDF,NhanVat
VietNamNet,NhanVat
Nhà xuất bản Giáo dục,NhanVat
Hoàng Lê nhất thống chí,NhanVat
Praeger,NhanVat
Journal of Southeast Asian Studies,NhanVat
Alfred Mame et fils,NhanVat
Tours,NhanVat
Thể loại:Bài Việt Nam chọn lọc,NhanVat
Thể loại:Mất năm 1820,NhanVat
Thể loại:Sinh năm 1762,NhanVat
Thể loại:Gia Long,NhanVat
Bảo Đại,NhanVat
Nguyễn Văn Xuân,NhanVat
Nguyễn Phan Long,NhanVat
Nghĩa trang Passy,DiaDiem
Khải Định,NhanVat
Từ Cung Hoàng thái hậu,NhanVat
1925,Nam
30 tháng 8,NgayThang
8 tháng 1,NgayThang
1926,Nam
Việt Nam Dân chủ Cộng hoà,NhanVat
Hoàng thái tử,NhanVat
28 tháng 4,NgayThang
1922,Nam
5 tháng 11,NgayThang
Nguyễn Phúc Bảo Long,NhanVat
Đế quốc Việt Nam,NhanVat
9 tháng 3,NgayThang
Chính phủ Quốc gia Việt Nam,NhanVat
13 tháng 6,NgayThang
1949,Nam
1955,Nam
21 tháng 1,NgayThang
1950,Nam
Nguyễn Văn Xuân (trung tướng),NhanVat
Thủ tướng Việt Nam#Nam Kỳ quốc,NhanVat
Chính phủ Trung ương lâm thời Việt Nam,NhanVat
Ngô Đình Diệm,NhanVat
Tổng thống Việt Nam Cộng hòa,NhanVat
Nam Phương hoàng hậu,NhanVat
Monique Marie Eugene Baudot,NhanVat
1936,Nam
2007,Nam
Nguyễn Phúc Phương Mai,NhanVat
1937,Nam
2021,Nam
Nguyễn Phúc Phương Liên,NhanVat
1938,Nam
Nguyễn Phúc Phương Dung,NhanVat
1942,Nam
Nguyễn Phúc Bảo Thắng,NhanVat
1943,Nam
2017,Nam
Nguyễn Phúc Phương Thảo,NhanVat
1946,Nam
Nguyễn Phúc Phương Minh,NhanVat
2012,Nam
Nguyễn Phúc Bảo Ân,NhanVat
1951,Nam
Nguyễn Phúc Bảo Hoàng,NhanVat
1954,Nam
Nguyễn Phúc Bảo Sơn,NhanVat
1957,Nam
1987,Nam
Nguyễn Phúc Phương Từ,NhanVat
Patrick-Édouard Bloch,NhanVat
1958,Nam
Các tên gọi của nước Việt Nam#Đại Nam,NhanVat
Val-de-Grâce,NhanVat
Chính phủ Cách mạng lâm thời Việt Nam Dân chủ Cộng hòa,NhanVat
16 tháng 3,NgayThang
chữ Hán,NhanVat
22 tháng 10,NgayThang
1913,Nam
31 tháng 7,NgayThang
1997,Nam
niên hiệu,NhanVat
Pháp thuộc,NhanVat
Đế quốc Nhật Bản,NhanVat
Tuyên cáo Việt Nam độc lập,NhanVat
Cách mạng Tháng Tám,NhanVat
Hồng Kông,NhanVat
Chiến tranh Đông Dương,NhanVat
chủ nghĩa dân tộc,NhanVat
Quốc gia Việt Nam,NhanVat
Liên hiệp Pháp,NhanVat
Việt Nam Dân chủ Cộng hòa,NhanVat
Quốc trưởng,NhanVat
phản quốc,NhanVat
Việt Nam Cộng hòa,NhanVat
lưu vong,NhanVat
Hoàng Thị Cúc,NhanVat
15 tháng 6,NgayThang
Marseille,NhanVat
Tháng sáu,NhanVat
Khâm sứ Trung Kỳ,NhanVat
Jean François Eugène Charles,NhanVat
Lycée Condorcet,NhanVat
1924,Nam
tháng 11,NgayThang
buổi trưa,NhanVat
đi học,NhanVat
chiều tối,NhanVat
Nghỉ hè,NhanVat
Vichy (quận),NhanVat
Prades (quận),NhanVat
Bài tập về nhà,NhanVat
1930,Nam
Viện Nghiên cứu Chính trị Paris,NhanVat
Thể thao điện tử,NhanVat
quần vợt,NhanVat
Quần,NhanVat
áo thun,NhanVat
golf,NhanVat
trượt tuyết,NhanVat
Chính giới,NhanVat
Ngọ Môn (Hoàng thành Huế),NhanVat
ô tô,NhanVat
Cannes,NhanVat
Deauville,NhanVat
Phủ Toàn quyền Đông Dương,NhanVat
2 tháng 12,NgayThang
Tử hình,NhanVat
Albert Sarraut,NhanVat
Penang,NhanVat
Giết người,NhanVat
ám sát,NhanVat
khủng bố,NhanVat
bán đảo Mã Lai,NhanVat
neo,NhanVat
Đảng Cộng sản Pháp,NhanVat
Pháo,NhanVat
Sông Hàn (Đà Nẵng),NhanVat
hồi ký,NhanVat
hối lộ,NhanVat
19 tháng 9,NgayThang
1932,Nam
16 tháng 11,NgayThang
Nhã nhạc cung đình Huế,NhanVat
Sưu tập tem,NhanVat
tem thư,NhanVat
album,NhanVat
Điện Kiến Trung (Hoàng thành Huế),NhanVat
khuy,NhanVat
Sơ mi,NhanVat
Đà Lạt,NhanVat
8 tháng 4,NgayThang
1933,Nam
Phạm Quỳnh,NhanVat
Thái Văn Toản,NhanVat
Hồ Đắc Khải,NhanVat
Bùi Bằng Đoàn,NhanVat
Nguyễn Hữu Bài,NhanVat
Tôn Thất Đàn,NhanVat
Phạm Liệu,NhanVat
Võ Liêm,NhanVat
Vương Tứ Đại,NhanVat
Nguyễn Trọng Cẩn,NhanVat
Nhật đảo chính Pháp tại Đông Dương,NhanVat
Nhật Bản,NhanVat
Yokoyama Masayuki,NhanVat
Điện Kiến Trung (hoàng thành Huế),NhanVat
Hòa ước Giáp Thân (1884),NhanVat
Khối Thịnh vượng chung Đại Đông Á,NhanVat
Tập tin:Đế-quốc Việt-Nam tuyên-bố độc-lập 1945.jpg,NhanVat
7 tháng 4,NgayThang
Chính phủ Việt Nam#Lịch sử,NhanVat
12 tháng 5,NgayThang
cờ quẻ Ly,NhanVat
Harry S. Truman,NhanVat
Winston Churchill,NhanVat
Tưởng Giới Thạch,NhanVat
Charles de Gaulle,NhanVat
24 tháng 8,NgayThang
Phạm Khắc Hòe,NhanVat
Việt Minh,NhanVat
chiến tranh thế giới thứ hai,NhanVat
"Nạn đói năm Ất Dậu, 1944-1945",NhanVat
Miền Trung (Việt Nam),NhanVat
Quốc kỳ Việt Nam,NhanVat
Cách mạng tháng Tám,NhanVat
23 tháng 8,NgayThang
Trần Huy Liệu,NhanVat
Huy Cận,NhanVat
Tuyên ngôn Thoái vị của Bảo Đại,NhanVat
Nam Phương Hoàng hậu,NhanVat
Tôn Quang Phiệt,NhanVat
Lê Văn Hiến,NhanVat
4 tháng 9,NgayThang
5 tháng 9,NgayThang
Hiến pháp Việt Nam Dân chủ Cộng hòa 1946,NhanVat
6 tháng 1,NgayThang
Bầu cử Quốc hội Việt Nam khóa I,ToChuc
Danh sách Đại biểu Quốc hội Việt Nam khóa I theo tỉnh thành,ToChuc
Quốc hội Việt Nam,ToChuc
Quốc hội Việt Nam khóa I,ToChuc
Hiệp định sơ bộ Pháp – Việt (1946),NhanVat
Nghiêm Kế Tổ,NhanVat
Trùng Khánh,NhanVat
Tên gọi Trung Quốc,NhanVat
Côn Minh,NhanVat
George Marshall,NhanVat
Phạm Ngọc Thạch,NhanVat
Đô la Hồng Kông,NhanVat
Nguyễn Đắc Xuân,NhanVat
Chủ tịch Hồ Chí Minh,NhanVat
1947,Nam
Georges Thierry d'Argenlieu,NhanVat
cánh tả,NhanVat
Đảng Xã hội Pháp,ToChuc
Cao Đài,NhanVat
Phật giáo Hòa Hảo,NhanVat
Việt Nam Cách mệnh Đồng minh Hội,ToChuc
Đại Việt Quốc dân đảng,NhanVat
Việt Nam Quốc dân Đảng,NhanVat
Mặt trận Thống nhất Quốc gia Liên hiệp,NhanVat
Bán đảo Đông Dương,NhanVat
thuyết domino,NhanVat
Vịnh Hạ Long,NhanVat
quốc kỳ Việt Nam Cộng hòa,NhanVat
Thanh niên hành khúc,NhanVat
quốc ca,NhanVat
Chính phủ,NhanVat
Daniel Grandclément,NhanVat
Toàn quyền Đông Dương,NhanVat
Thụy Sĩ,NhanVat
24 tháng 4,NgayThang
1948,Nam
Trần Văn Hữu,NhanVat
15 tháng 5,NgayThang
Chính phủ Trung ương Lâm thời Việt Nam,NhanVat
5 tháng 6,NgayThang
vịnh Hạ Long,NhanVat
Thông cáo chung Vịnh Hạ Long,NhanVat
chủ nghĩa thực dân,NhanVat
8 tháng 3,NgayThang
Tổng thống Pháp,NhanVat
Vincent Auriol,NhanVat
Hiệp định Élysée (1949),NhanVat
14 tháng 6,NgayThang
20 tháng 6,NgayThang
21 tháng 6,NgayThang
1 tháng 7,NgayThang
Nguyên thủ quốc gia,NhanVat
Nhà xuất bản Văn Nghệ Thành phố Hồ Chí Minh,NhanVat
27 tháng 4,NgayThang
Spencer C. Tucker,NhanVat
Quân đội Quốc gia Việt Nam,ToChuc
Archimedes L.A Patti,NhanVat
Sài Gòn,DiaDiem
dinh Norodom,NhanVat
Georges Revers,NhanVat
Tập tin:Baodai1.jpg,NhanVat
1952,Nam
6 tháng 6,NgayThang
Nguyễn Văn Tâm (Thủ tướng),NhanVat
20 tháng 11,NgayThang
1953,Nam
Nguyễn Phúc Bửu Lộc,NhanVat
máy bay,NhanVat
phi công,NhanVat
11 tháng 1,NgayThang
16 tháng 6,NgayThang
6 tháng 7,NgayThang
trận Điện Biên Phủ,NhanVat
"Hiệp định Genève, 1954",NhanVat
24 tháng 9,NgayThang
10 tháng 5,NgayThang
Nguyễn Văn Hinh,NhanVat
4 tháng 10,NgayThang
Tập tin:Tượng Vua Bảo Đại.JPG,NhanVat
Dinh III,NhanVat
Alsace,NhanVat
nghị sĩ,NhanVat
1963,Nam
Chabrignac,NhanVat
chính phủ Pháp,NhanVat
thập niên 1960,NhanVat
Valéry Giscard d'Estaing,NhanVat
1972,Nam
1982,Nam
Saint-Pierre-de-Chaillot,NhanVat
tên thánh,NhanVat
Thừa Thiên Huế,NhanVat
"Sacramento, California",NhanVat
"Westminster, California",NhanVat
California,NhanVat
người Mỹ gốc Việt,NhanVat
Texas,NhanVat
"quận 16, Paris",NhanVat
Danh sách phế đế ở thế kỷ XIX và thế kỷ XX,NhanVat
6 tháng 8,NgayThang
Trocadéro,NhanVat
BBC,NhanVat
Tập tin:Sépulture de l'empereur Bao Dai (Bảo Đại) - Cimetière de Passy 01.JPG,NhanVat
kim cương,NhanVat
đồng hồ Bảo Đại,NhanVat
Người Pháp,NhanVat
Hàm Nghi,NhanVat
Nhà báo,NhanVat
Jack Warner,NhanVat
chủ tịch Hồ Chí Minh,NhanVat
ngoại giao,NhanVat
thuộc địa,NhanVat
Trung Hoa Dân Quốc,NhanVat
Đồng Khánh,NhanVat
Hựu Thiên Thuần hoàng hậu,NhanVat
18 tháng 4,NgayThang
17 tháng 9,NgayThang
1944,Nam
Nguyễn Hoằng Tông,NhanVat
28 tháng 1,NgayThang
1890,Nam
9 tháng 11,NgayThang
1980,Nam
14 tháng 12,NgayThang
1914,Nam
16 tháng 9,NgayThang
Nguyễn Hữu Hào (điền chủ),NhanVat
Lê Thị Bính,NhanVat
Huyện Sỹ,NhanVat
Gò Công,NhanVat
1934,Nam
Nam Phương,NhanVat
quốc tịch,NhanVat
Lorraine,NhanVat
"Giai thoại và sự thật về Bảo Đại, vua cuối cùng Triều Nguyễn",NhanVat
hoàng tử,NhanVat
hoàng nữ,NhanVat
28 tháng 7,NgayThang
1 tháng 8,NgayThang
16 tháng 1,NgayThang
3 tháng 11,NgayThang
5 tháng 2,NgayThang
15 tháng 3,NgayThang
Tập tin:Bao An.jpg,NhanVat
Hôn nhân,NhanVat
4 tháng 6,NgayThang
tháng 4,NgayThang
1975,Nam
1976,Nam
1977,Nam
Nguyễn Phước Quý Khang,NhanVat
Tập tin:Patrick-Edouard Bloch.jpg,NhanVat
Nguyễn Phúc Phương An,NhanVat
Hawaii,NhanVat
Nhật,NhanVat
Bùi Mộng Điệp,NhanVat
26 tháng 6,NgayThang
2011,Nam
Bắc Ninh,NhanVat
Lê Thị Phi Ánh,NhanVat
24 tháng 6,NgayThang
15 tháng 12,NgayThang
1986,Nam
Lý Lệ Hà,NhanVat
Thái Bình,NhanVat
Hoàng Tiểu Lan,NhanVat
Vicky,NhanVat
Clément,NhanVat
vũ nữ,NhanVat
buôn lậu,NhanVat
Cigalle,NhanVat
2005,Nam
Tú Mỡ,NhanVat
Ngọn nến Hoàng cung,NhanVat
Huỳnh Anh Tuấn,NhanVat
:Bản mẫu:Vua nhà Nguyễn,ToChuc
Thủ tướng Việt Nam#Quốc gia Việt Nam,NhanVat
Thể loại:Hoàng tử Khải Định,NhanVat
Thể loại:Thủ tướng Quốc gia Việt Nam,NhanVat
Thể loại:Người Pháp gốc Việt,NhanVat
Thể loại:Vua thiếu nhi Việt Nam,NhanVat
Thể loại:Người Việt Nam trong chiến tranh Việt Nam,NhanVat
Thể loại:Bắc Đẩu Bội tinh hạng nhất,NhanVat
Thể loại:Chôn cất tại nghĩa trang Passy,NhanVat
Thể loại:Sinh tại Huế,NhanVat
Thể loại:Sống tại Pháp,NhanVat
Thể loại:Người Việt Nam lưu vong,NhanVat
Thể loại:Đại biểu Quốc hội Việt Nam khóa I,ToChuc
Thể loại:Bảo Đại,NhanVat
Thể loại:Tín hữu Công giáo Việt Nam,NhanVat
Thể loại:Người cải sang Công giáo,NhanVat
Thể loại:Nhà hoạt động độc lập,NhanVat
Thể loại:Người chống cộng Việt Nam,NhanVat
Thể loại:Vua Việt Nam,NhanVat
Thể loại:Lãnh đạo chính trị trong Thế chiến thứ hai,NhanVat
Dục Đức,NhanVat
22 tháng 9,DiaDiem
Khiêm lăng,DiaDiem
Từ Dụ,NhanVat
Danh sách hoàng đế nhà Nguyễn,ToChuc
19 tháng 7,NgayThang
1883,Nam
Dực Tông,NhanVat
Lệ Thiên Anh Hoàng hậu,NhanVat
Kiến Phúc,NhanVat
Lăng Tự Đức,NhanVat
triều Nguyễn,NhanVat
Tây Ban Nha,NhanVat
Trận Đà Nẵng (1858-1859),NhanVat
1864,Nam
Phan Thanh Giản,NhanVat
Phạm Phú Thứ,NhanVat
Nguyễn Trường Tộ,NhanVat
Đinh Văn Điền,NhanVat
Nguyễn Hiệp,NhanVat
Lê Định,NhanVat
1878,Nam
25 tháng 8,NgayThang
Kỷ Sửu,NhanVat
Nguyễn Phúc Hồng Bảo,NhanVat
điện Thái Hòa (hoàng thành Huế),NhanVat
1848,Nam
tháng mười,NhanVat
Đinh Mùi,NhanVat
Hình:Gold lang Tu Duc CdM.jpg,NhanVat
lạng vàng,NhanVat
Thuế,NhanVat
thuốc nha phiến,NhanVat
Bộ binh,NhanVat
thủy binh,NhanVat
Binh thư yếu lược,NhanVat
Trần Hưng Đạo,NhanVat
1861,Nam
1865,Nam
nghệ thuật,NhanVat
quân sự Việt Nam,NhanVat
quân Cờ đen,NhanVat
Sơn Tây (tỉnh Việt Nam),NhanVat
cửa Đà Nẵng,NhanVat
1855,Nam
1877,Nam
cửa Thị Nại,NhanVat
Bình Chuẩn Ty,NhanVat
Thượng Bạc Viện,NhanVat
Thiên Chúa,NhanVat
Thượng đế,NhanVat
Lão Tử,NhanVat
linh mục,NhanVat
tu sĩ,NhanVat
Andalusia,NhanVat
José María Díaz Sanjuro An,NhanVat
Melchor García Sampedro Xuyên,NhanVat
phong trào Văn Thân,NhanVat
Đạo Quang,NhanVat
Ô Môn,NhanVat
Bảy Núi,NhanVat
Ba Xuyên,NhanVat
"Khánh Bình, An Phú",NhanVat
"Khánh An, An Phú",NhanVat
Canh Tuất,NhanVat
Nam Kỳ Lục tỉnh,NhanVat
Nguyễn Đăng Giai,NhanVat
nhà Lê sơ,NhanVat
Thái Bình Thiên Quốc,NhanVat
Gia Lâm,NhanVat
văn chương,NhanVat
Quốc sư,NhanVat
Cao (họ),NhanVat
phân bộ Châu chấu,NhanVat
Cuộc nổi dậy Tạ Văn Phụng,NhanVat
cướp biển,NhanVat
Kiều Oánh Mậu,NhanVat
Đoàn Hữu Trưng,NhanVat
thế kỷ 19,NhanVat
Quảng Yên (tỉnh),NhanVat
Ngô Côn,NhanVat
quân Cờ Vàng,NhanVat
Hoàng Sùng Anh,NhanVat
Phùng Tử Tài,NhanVat
quân Cờ Đen,NhanVat
Lưu Vĩnh Phúc,NhanVat
Ông Ích Khiêm,NhanVat
Nguyễn Văn Tường,NhanVat
Quảng Ninh,NhanVat
Lào Cai,NhanVat
sông Đuống,NhanVat
Trần Đình Túc,NhanVat
Tập tin:Charles Rigault de Genouilly.jpg,NhanVat
Charles Rigault de Genouilly,NhanVat
Napoléon III,NhanVat
1873,Nam
Trung tướng,NhanVat
Ý,NhanVat
1859,Nam
Võ Duy Ninh,NhanVat
1862,Nam
Lâm Duy Hiệp,NhanVat
9 tháng 5,NgayThang
Tập tin:Phan Thanh Gian.jpg,NhanVat
Định Tường,NhanVat
mê Kông,NhanVat
1867,Nam
Pierre-Paul de La Grandière,NhanVat
Quý Dậu,NhanVat
cầu Giấy,NhanVat
Paul-Louis-Félix Philastre,NhanVat
Giáp Tuất,NhanVat
1874,Nam
1882,Nam
Charles Le Myre de Vilers,NhanVat
Henri Rivière,NhanVat
Hiệp Hòa,NhanVat
"Hòa ước Quý Mùi, 1883",NhanVat
Tập tin:Grave tu duc.jpg,NhanVat
Quý Mùi,NhanVat
thụy hiệu,NhanVat
Tập tin:Tu duc dang roi.JPG,NhanVat
chợ nổi,NhanVat
2010,Nam
Nam Kỳ lục tỉnh,NhanVat
Quân Cờ Đen,NhanVat
Phan Bội Châu,NhanVat
văn học,NhanVat
tuồng,NhanVat
Võ Thị Duyên,NhanVat
điện Hoà Khiêm,NhanVat
Khiêm Lăng,NhanVat
Chí Khiêm đường,NhanVat
3 tháng 6,NgayThang
1903,Nam
Tứ trụ triều đình (Việt Nam),NhanVat
Võ Xuân Cẩn,NhanVat
1870,Nam
Hoàng quý phi,NhanVat
Nguyễn Thị Cẩm,NhanVat
Lễ bộ,NhanVat
Nguyễn Đình Tân,NhanVat
Nguyễn Văn Thị Hương,NhanVat
Nguyễn Văn Tuấn,NhanVat
Hoàng thái phi,NhanVat
Nguyễn Nhược Thị Bích,NhanVat
1909,Nam
Nguyễn Nhược Sơn,NhanVat
Nữ quan,NhanVat
Tài nhân,NhanVat
Mỹ nhân,NhanVat
Quý nhân,NhanVat
Tiệp dư,NhanVat
1885,Nam
1892,Nam
Thành Thái,NhanVat
Hạnh Thục ca,NhanVat
"Phước Vĩnh, Huế",NhanVat
1866,Nam
Lê Đình Vũ,NhanVat
Trần Hữu Khác,NhanVat
Báo Tuổi Trẻ,NhanVat
Pháp Luật Thành phố Hồ Chí Minh,NhanVat
Phạm Đan Quế,NhanVat
1898,Nam
Ngự chế Việt sử tổng vịnh tập,NhanVat
Phượng khấu,NhanVat
Nước Đại Nam đối diện với Pháp và Trung Hoa,NhanVat
Thể loại:Nhà Nho Việt Nam,NhanVat
Thể loại:Hoàng tử Thiệu Trị,NhanVat
14 tháng 3,DiaDiem
An Lăng,DiaDiem
Từ Minh Huệ Hoàng hậu,NhanVat
Hoàng đế Việt Nam,NhanVat
2 tháng 2,NgayThang
1889,Nam
3 tháng 9,NgayThang
1907,Nam
Thành Thái#Con cái,NhanVat
Phan Thị Điều,NhanVat
1879,Nam
lăng Dục Đức,NhanVat
Nguyễn Phúc Hồng Y,NhanVat
Phan Đình Bình,NhanVat
bộ Hộ,NhanVat
Tổng sứ,NhanVat
Pierre Paul Rheinart,NhanVat
Diệp Văn Cương,NhanVat
Viện Cơ mật,NhanVat
bốn tháng ba vua,NhanVat
Tử Cấm thành (Huế),NhanVat
Hình:(18 photogr d'Annam et du (...)Dieulefils P btv1b531743452 13.jpg,NhanVat
Ngọ Môn (hoàng thành Huế),NhanVat
Tuy Lý vương,NhanVat
Trương Quang Đản,NhanVat
hoàng phi,NhanVat
Tập tin:Thanhthai.jpg,NhanVat
Nguyễn Thân,NhanVat
cầu Long Biên,NhanVat
Paul Doumer,NhanVat
Hoàng Cao Khải,NhanVat
Cường Để,NhanVat
bệnh viện,NhanVat
Trường Trung học phổ thông chuyên Quốc Học,NhanVat
chợ Đông Ba,NhanVat
cầu Trường Tiền,NhanVat
1896,Nam
Ngô Đình Khả,NhanVat
bộ Lại,NhanVat
Trương Như Cương,NhanVat
Viện cơ mật,NhanVat
sức khỏe,NhanVat
Khâm sứ Trung kỳ,NhanVat
29 tháng 7,NgayThang
điện Càn Thành,NhanVat
Tập tin:EmperorThanhThai-BaoDai.jpg,NhanVat
Bạch Dinh,NhanVat
1916,Nam
réunion,NhanVat
Réunion,NhanVat
đàn nhị,NhanVat
Sáo (nhạc cụ),NhanVat
trầu cau,NhanVat
Algérie,NhanVat
21 tháng 9,NgayThang
1935,Nam
quận 10,NhanVat
Thanh niên (báo),NhanVat
Nguyễn Gia Thị Anh,NhanVat
1897,Nam
Nguyễn Thị Định (Tài nhân),NhanVat
1900,Nam
Nguyễn Hữu Thị Nga,NhanVat
Nguyễn Hữu Độ (quan Nhà Nguyễn),ToChuc
Nguyễn Hữu Thị Nhàn,NhanVat
1915,Nam
Giai Triệu,NhanVat
Chí Lạc,NhanVat
họ Hồ,NhanVat
Hải Lăng,NhanVat
Nguyễn Phúc Vĩnh Hy,NhanVat
1895,Nam
1966,Nam
Nguyễn Phúc Vĩnh Diệm,NhanVat
24 tháng 12,NgayThang
Nguyễn Phúc Vĩnh Linh,NhanVat
12 tháng 3,NgayThang
Nguyễn Phúc Vĩnh Trân,NhanVat
1973,Nam
Nguyễn Phúc Vĩnh Uyển,NhanVat
21 tháng 7,NgayThang
1899,Nam
24 tháng 7,NgayThang
Nguyễn Phúc Vĩnh San,NhanVat
Nguyễn Phúc Vĩnh Ngoạn,NhanVat
Nguyễn Phúc Vĩnh Kỳ,NhanVat
Nguyễn Phúc Vĩnh Chương,NhanVat
Nguyễn Phúc Vĩnh Sâm,NhanVat
Nguyễn Phúc Vĩnh Khuê,NhanVat
Nguyễn Phúc Vĩnh Giác,NhanVat
Nguyễn Phúc Vĩnh Kha,NhanVat
Nguyễn Phúc Vĩnh Vũ,NhanVat
Nguyễn Phúc Vĩnh Ngọc,NhanVat
1906,Nam
31 tháng 1,NgayThang
Nguyễn Phúc Vĩnh Tiến,NhanVat
Nguyễn Phúc Vĩnh Lưu,NhanVat
Nguyễn Phúc Vĩnh Quỳnh,NhanVat
Nguyễn Phúc Vĩnh Khôi,NhanVat
1919,Nam
1969,Nam
Nguyễn Phúc Vĩnh Giu,NhanVat
Nguyễn Phúc Vĩnh Giêu,NhanVat
2014,Nam
Nguyễn Phúc Vĩnh Hòe,NhanVat
Nguyễn Phúc Vĩnh Cầu,NhanVat
Thể loại:Hoàng tử Dục Đức,NhanVat
Thể loại:Nhà cách mạng Việt Nam,NhanVat
Thể loại:Sinh năm 1879,NhanVat
Thể loại:Mất năm 1954,NhanVat
Thể loại:Nhà dân tộc chủ nghĩa Việt Nam,NhanVat
Xương Lăng,DiaDiem
Tập tin:Long tinh flag.svg,NhanVat
11 tháng 2,NgayThang
4 tháng 11,NgayThang
Hiến Tổ,NhanVat
#Hậu cung,NhanVat
Thiệu Trị#Hậu duệ,NhanVat
húy,NhanVat
Nam tiến,NhanVat
Đế hệ thi,NhanVat
11 tháng 5,NgayThang
Nhân Tuyên Hoàng thái hậu,NhanVat
Tân Sửu,NhanVat
Võ Văn Giải,NhanVat
Tập tin:Gold lang Thieu Tri CdM.jpg,NhanVat
"Tập tin:Thiệu Trị thông bảo, 1841-1847 AD - Museum of Vietnamese History - Ho Chi Minh City - DSC05937.JPG",NhanVat
Tập tin:Temple near Huế.jpg,NhanVat
Tập tin:Tomb of ThieuTri.jpg,NhanVat
Tập tin:Thieu tri imperial edict01.jpg,NhanVat
thất ngôn bát cú,NhanVat
Cuộc nổi dậy Lâm Sâm,NhanVat
Cuộc nổi dậy ở Ba Xuyên (1841),NhanVat
Cuộc nổi dậy ở Thất Sơn (1841),NhanVat
Các cuộc nổi dậy ở Hà Tiên (1840),NhanVat
1842,Nam
Kampot,NhanVat
Sihanoukville (tỉnh),NhanVat
"Vĩnh Tế, Châu Đốc",NhanVat
Favin Lévêque,NhanVat
Ất Tỵ,NhanVat
Dominique Lefèbvre,NhanVat
Rigault de Genouilly,NhanVat
Phạm Thế Lịch,NhanVat
qua đời,NhanVat
1902,Nam
Nguyễn Thị Nhậm,NhanVat
Nguyễn Phúc Nhàn Yên,NhanVat
Võ Thị Viên,NhanVat
22 tháng 3,NgayThang
1880,Nam
tiềm để,NhanVat
Nguyễn Thị Xuyên,NhanVat
30 tháng 9,NgayThang
Nguyễn Văn Phụng,NhanVat
Nguyễn Thị Yên,NhanVat
Đinh Thị Hạnh,NhanVat
Trương Thị Thận,NhanVat
16 tháng 2,NgayThang
2 tháng 1,NgayThang
Nguyễn Thị Huyên,NhanVat
Trương Thị Vĩnh,NhanVat
cung nhân,NhanVat
Nguyễn Phúc Hồng Cai,NhanVat
Phan Thị Kháng,NhanVat
Hoàng Thị Dĩnh,NhanVat
Nguyễn Phúc Lương Huy,NhanVat
1894,Nam
Hương Sơn,NhanVat
"Thủy Biều, Huế",NhanVat
1872,Nam
Đại Nam liệt truyện,NhanVat
Nguyễn Phúc Thận Huy,NhanVat
19 tháng 4,NgayThang
Nghi Thiên Chương Hoàng hậu,NhanVat
Nguyễn Phúc Hồng Phó,NhanVat
8 tháng 5,NgayThang
23 tháng 2,NgayThang
28 tháng 5,NgayThang
Nguyễn Phúc Hồng Tố,NhanVat
18 tháng 9,NgayThang
Nguyễn Phúc Hồng Phi,NhanVat
12 tháng 2,NgayThang
Nguyễn Phúc Hồng Hưu,NhanVat
Nguyễn Phúc Gia Phúc,NhanVat
Nguyễn Phúc Hồng Kháng,NhanVat
5 tháng 5,NgayThang
19 tháng 2,NgayThang
Nguyễn Phúc Hồng Kiện,NhanVat
6 tháng 5,NgayThang
15 tháng 7,NgayThang
Nguyễn Phúc Miên Tằng,NhanVat
Nguyễn Phúc Hồng Truyền,NhanVat
18 tháng 7,NgayThang
Nguyễn Phúc Hồng Bàng,NhanVat
30 tháng 6,NgayThang
15 tháng 9,NgayThang
28 tháng 8,NgayThang
Nguyễn Phúc Hồng Nghĩ,NhanVat
5 tháng 8,NgayThang
10 tháng 1,NgayThang
8 tháng 7,NgayThang
Nguyễn Phúc Hồng Tiệp,NhanVat
15 tháng 8,NgayThang
26 tháng 8,NgayThang
12 tháng 1,NgayThang
19 tháng 5,NgayThang
Nguyễn Phúc Hồng Đĩnh,NhanVat
Nguyễn Phúc Hồng Diêu,NhanVat
5 tháng 7,NgayThang
1875,Nam
13 tháng 12,NgayThang
1876,Nam
26 tháng 9,NgayThang
1 tháng 11,NgayThang
29 tháng 11,NgayThang
Nguyễn Phúc Tĩnh Hảo,NhanVat
chùa Diệu Đế,NhanVat
Nguyễn Phúc Huy Nhu,NhanVat
Nguyễn Phúc Nhã Viện,NhanVat
Nguyễn Phúc Thanh Đề,NhanVat
Nguyễn Phúc Lệ Nhàn,NhanVat
Nguyễn Phúc Đoan Cẩn,NhanVat
Nguyễn Phúc Đôn Trinh,NhanVat
Nguyễn Phúc Thanh Cật,NhanVat
1857,Nam
Nguyễn Phúc Ý Phương,NhanVat
Nguyễn Phúc Trinh Huy,NhanVat
Nguyễn Phúc Đoan Lương,NhanVat
Nguyễn Phúc Nhàn Đức,NhanVat
Nguyễn Phúc Phúc Huy,NhanVat
1888,Nam
Nguyễn Lâm,NhanVat
Quốc sử quán triều Nguyễn,NhanVat
Viện Sử học,NhanVat
Nhà xuất bản Giáo dục Việt Nam,NhanVat
Thể loại:Hoàng tử Minh Mạng,NhanVat
Trần Thị Nga,NhanVat
20 tháng 7,NgayThang
23 tháng 7,NgayThang
Cung Tông,NhanVat
Dục Đức#Con cái,NhanVat
6 tháng 10,NgayThang
Lăng Dục Đức,NhanVat
Quý Sửu,NhanVat
sử,NhanVat
Vũ Thị Duyên,NhanVat
Trú sứ Pháp,NhanVat
Rheinart,NhanVat
Trần Tiễn Thành,NhanVat
Y Doãn,NhanVat
Hoắc Quang,NhanVat
Thái Giáp,NhanVat
Lưu Hạ,NhanVat
Hán Tuyên Đế,NhanVat
Nguyễn Như Khuê,NhanVat
Nguyễn Trọng Hợp,NhanVat
Phan Đình Phùng,NhanVat
khởi nghĩa Hương Khê,NhanVat
phong trào Cần Vương,NhanVat
Dục Đức đường,NhanVat
đạo Thiên chúa,NhanVat
Trận Kinh thành Huế 1885,NhanVat
Tây Lộc,NhanVat
24 tháng 10,NgayThang
1886,Nam
Cung Huệ đế,NhanVat
An Cựu,NhanVat
Thủy Bằng,NhanVat
1901,Nam
Nguyễn Phúc Bửu Tán,NhanVat
8 tháng 9,NgayThang
Quảng Điền,NhanVat
Nguyễn Phúc Bửu Lân,NhanVat
1941,Nam
Bảo Chấn,NhanVat
Bảo Phúc,NhanVat
Nguyễn Phúc Bửu Kiêm,NhanVat
1940,Nam
Nguyễn Phúc Bửu Lũy,NhanVat
Nguyễn Phúc Tốn Tùy,NhanVat
1964,Nam
Nguyễn Phúc Nhàn Gia,NhanVat
Nguyễn Phúc Châu Hoàn,NhanVat
Nguyễn Hữu Độ,NhanVat
Nguyễn Phúc Vĩnh Cẩn,NhanVat
1968,Nam
Phan Thuận An,NhanVat
1994,Nam
Đinh Xuân Lâm,NhanVat
Thể loại:Sinh năm 1852,NhanVat
Thể loại:Mất năm 1884,NhanVat
Thể loại:Vua Việt Nam bị giết,NhanVat
Bồi Lăng,DiaDiem
Bùi Thị Thanh,NhanVat
Giản Tông,NhanVat
Lăng Kiến Phúc,NhanVat
Hòa ước Patenôtre,NhanVat
Hòa ước Quý Mùi (1883),NhanVat
tháng giêng,NhanVat
Kỷ Tỵ,NhanVat
7 tháng 10,NgayThang
Hoàng Kế Viêm,NhanVat
Hưng Hóa (định hướng),NhanVat
Giáp Thân,NhanVat
Hòa ước Thiên Tân (1885),NhanVat
13 tháng 5,NgayThang
Jules Patenôtre,NhanVat
10 tháng 6,NgayThang
Miếu hiệu,NhanVat
lăng Tự Đức,NhanVat
Nguyễn Phúc Miên Định,NhanVat
Phạm Thận Duật,NhanVat
Nguyễn Thị Bích (nhà thơ),NhanVat
Việt sử tân biên,NhanVat
Thanh thực lục,NhanVat
Quốc sử quán (triều Nguyễn),NhanVat
Nguyễn Q. Thắng,NhanVat
Thể loại:Vua chết trẻ,NhanVat
Thể loại:Hoàng tử Tự Đức,NhanVat
Thể loại:Sinh năm 1868,NhanVat
Tư Lăng,DiaDiem
Cảnh Tông,NhanVat
Dương Thị Thục,NhanVat
#Gia quyến,NhanVat
Đồng Khánh#Gia quyến,NhanVat
Lăng Đồng Khánh,NhanVat
Bắc đẩu Bội tinh,NhanVat
Giáp Tý,NhanVat
Tên húy,NhanVat
Tập tin:Emperor Ham Nghi.jpg,NhanVat
Tập tin:HoangthaihauTuDu.jpg,NhanVat
đồn Mang Cá,NhanVat
Phạm Thị Hằng,NhanVat
Nguyễn Thị Hương,NhanVat
Cam Chính,NhanVat
Cam Lộ,NhanVat
Tahiti,NhanVat
Phu Văn Lâu,NhanVat
Philippe-Marie-Henri Roussel de Courcy,NhanVat
de Champeaux,NhanVat
Tập tin:Intronisation du roi Dong Khanh.jpg,NhanVat
Tết Nguyên Đán,NhanVat
Tập tin:ThiHuong1888.jpg,NhanVat
Nguyễn Phúc Ưng Phong,NhanVat
Cao Chính Thuyết,NhanVat
Nguyễn Phúc Miên Trinh,NhanVat
Nguyễn Phúc Miên Triện,NhanVat
Nguyễn Phúc Miên Tranh,NhanVat
Nguyễn Phúc Hồng Tu,NhanVat
Công Tôn Ưng Phương,NhanVat
Nguyễn Phúc Hồng Sâm,NhanVat
công chúa Phục Lễ,NhanVat
Nguyễn Thuật,NhanVat
11 tháng 12,NgayThang
Hoàng Hữu Thường,NhanVat
Thanh Hà,NhanVat
Trần Quang Hanh,NhanVat
Khâm định Việt sử thông giám cương mục,NhanVat
Cử nhân,NhanVat
Tú tài,NhanVat
Hà Nam,NhanVat
Nguyễn Phúc Hồng Hải,NhanVat
Nguyễn Văn Toán,NhanVat
Nguyễn Phúc Hồng Sanh,NhanVat
Tôn Thất Úy,NhanVat
Tôn Thất Lã,NhanVat
Nguyễn Diệm,NhanVat
Nguyễn Diễm,NhanVat
Nguyễn Thị Điền,NhanVat
Đoàn Văn Hội,ToChuc
Tôn Thất Phiên,NhanVat
17 tháng 6,NgayThang
cửa Nhật Lệ,NhanVat
Đồng Hới,NhanVat
Hoàng Tá Viêm,NhanVat
Trần Xuân Soạn,NhanVat
Nguyễn Phạm Tuân,NhanVat
Nguyễn Đình Tình,NhanVat
Trương Quang Ngọc,NhanVat
30 tháng 10,NgayThang
Bắc Phi,NhanVat
Étienne Richaud,NhanVat
Phong trào Cần vương,NhanVat
Tập tin:IndoChina1886.jpg,NhanVat
Tập tin:General Roussel de Courcy.jpg,NhanVat
Bắc Đẩu bội tinh,NhanVat
Danh sách Toàn quyền Đông Dương,NhanVat
Bắc đẩu bội tinh,NhanVat
Paul Bert,NhanVat
Bắc Kì,NhanVat
Nguyễn Hữu Mẫn,NhanVat
Hải Vân,NhanVat
8 tháng 11,NgayThang
Nguyễn Phúc Miên Lâm,NhanVat
Chu Đình Kế,NhanVat
Ernest Constans,NhanVat
17 tháng 10,NgayThang
Marie François Sadi Carnot,NhanVat
Quảng Châu Loan,NhanVat
3 tháng 10,NgayThang
sông Hàn,NhanVat
Hải Phòng,NhanVat
Tập tin:Tomb of DongKhanh1.JPG,NhanVat
26 tháng 1,NgayThang
Mậu Tý,NhanVat
30 tháng 1,NgayThang
:s:zh:思陵聖德神功碑,NhanVat
Tập tin:Đồng Khánh Thông Bảo (同慶通寶) - Cropped (from Nguyễn Dynasty coinage.jpg).png,NhanVat
Chu Tuyên vương,NhanVat
Thủy Xuân,NhanVat
24 tháng 11,NgayThang
Phố Hàng Bài,NhanVat
"Đường Trần Hưng Đạo, Thành phố Hồ Chí Minh",NhanVat
1917,Nam
22 tháng 12,NgayThang
Dương Quang Hướng,NhanVat
Nguyễn Quý phi (Đồng Khánh),NhanVat
Nguyễn Phúc Dĩ Ngu,NhanVat
Trần Đăng Thị Đồng,NhanVat
Nguyễn Phúc Bửu Tủng,NhanVat
Nguyễn Phúc Dĩ Hy,NhanVat
Cung nhân,NhanVat
bộ Hình,NhanVat
trảm,NhanVat
giảo,NhanVat
Báo Thanh Niên,NhanVat
Nguyễn Phúc Bửu Đảo,NhanVat
Hựu Thiên Thuần Hoàng hậu,NhanVat
Phụ Thiên Thuần Hoàng hậu,NhanVat
Đại học sĩ,NhanVat
Nguyễn Hữu Thảng,NhanVat
Trần Lệ Xuân,NhanVat
Thể loại:Sinh năm 1864,NhanVat
Thể loại:Mất năm 1889,NhanVat
Thể loại:Phong trào Cần vương,NhanVat
3 tháng 8,DiaDiem
Vigeois,DiaDiem
Phan Thị Nhàn,NhanVat
2 tháng 8,NgayThang
Marcelle Laloe,NhanVat
Nguyễn Phúc Như Mai,NhanVat
Nguyễn Phúc Như Lý,NhanVat
Nguyễn Phúc Minh Đức,NhanVat
14 tháng 1,NgayThang
Algiers,NhanVat
Algérie thuộc Pháp,NhanVat
Pháp quốc Tự do,NhanVat
Dordogne,NhanVat
Tập tin:Vua Hàm Nghi ảnh phục dựng chuẩn.jpg,NhanVat
Phong trào Cần Vương,NhanVat
đế quốc thực dân Pháp,NhanVat
thủ đô,NhanVat
ung thư dạ dày,NhanVat
Tân Mùi,NhanVat
22 tháng 7,NgayThang
12 tháng 6,NgayThang
Thái Hòa,NhanVat
17 tháng 8,NgayThang
Marcel Gaultier,NhanVat
Tập tin:Ton That Thuyet.jpg,NhanVat
âm lịch,NhanVat
Thái Bình Dương,NhanVat
9 tháng 7,NgayThang
Tuyên Hóa,NhanVat
Hoàng thái hậu,NhanVat
Tôn Thất Đàm,NhanVat
Tôn Thất Tiệp,NhanVat
Tập tin:Canh vua Ham Nghi bi bat.jpg,NhanVat
Minh Hóa,NhanVat
Bố Trạch,NhanVat
22 tháng 11,NgayThang
Tập tin:Dam cuoi vua Ham Nghi.jpg,NhanVat
25 tháng 11,NgayThang
Lăng Cô,NhanVat
chủ nhật,NhanVat
13 tháng 1,NgayThang
24 tháng 1,NgayThang
Paul Gauguin,NhanVat
euro,NhanVat
Tập tin:Ham Nghi1.jpg,NhanVat
1904,Nam
1974,Nam
1905,Nam
1999,Nam
1910,Nam
1990,Nam
Thonac,NhanVat
vùng của Pháp,NhanVat
Nouvelle-Aquitaine,NhanVat
2009,Nam
Niên hiệu,NhanVat
"Đường Hàm Nghi, Thành phố Hồ Chí Minh",NhanVat
Nam Từ Liêm,NhanVat
Móng Cái,NhanVat
Thanh Hoá,NhanVat
Thể loại:Phong trào Cần Vương,NhanVat
Thể loại:Nghĩa quân chống Pháp,NhanVat
Thể loại:Chết vì ung thư dạ dày,NhanVat
Mai Thị Vàng,NhanVat
Nguyễn Thị Định,NhanVat
Fernande Antier,NhanVat
Suzy Vĩnh San,NhanVat
Georges Vĩnh San,NhanVat
Claude Vĩnh San,NhanVat
Joseph Roger Vĩnh San,NhanVat
26 tháng 12,NgayThang
Châu Phi Xích Đạo thuộc Pháp,NhanVat
Cộng hòa Trung Phi,NhanVat
Thực dân Pháp,NhanVat
Chiến tranh thế giới thứ nhất,NhanVat
Việt Nam Quang phục Hội,ToChuc
Thái Phiên,NhanVat
Trần Cao Vân,NhanVat
Ấn Độ Dương,NhanVat
Chiến tranh thế giới thứ hai,NhanVat
1939,Nam
Khối Đồng Minh thời Chiến tranh thế giới thứ hai,NhanVat
đức Quốc xã,NhanVat
M'Baiki,NhanVat
lăng mộ,NhanVat
Nguyễn Thị Định (Thành Thái),NhanVat
Fernand Ernest Lévecque,NhanVat
Tập tin:Vua Duy Tân (1907).jpg,NhanVat
nhà báo,NhanVat
Tôn Thất Hân,NhanVat
Huỳnh Côn,NhanVat
Miên Lịch,NhanVat
Lê Trinh,NhanVat
sinh học,NhanVat
Tập tin:Duy Tân Emperor.jpg,NhanVat
1912,Nam
Georges Marie Joseph Mahé,NhanVat
Nguyễn Phúc Chu,NhanVat
chùa Thiên Mụ,NhanVat
đào xới,NhanVat
toàn quyền Đông Dương,NhanVat
Tập tin:維新通寶 Duy-Tan-Thong-Bao.gif,NhanVat
Tập tin:Trần Cao Vân.JPG,NhanVat
Tháng tư,NhanVat
Cửa Tùng (bãi biển),NhanVat
2 tháng 5,NgayThang
Thương Bạc,NhanVat
súng thần công,NhanVat
Hoàng Quảng Phu,NhanVat
Tôn Thất Đề,NhanVat
Nguyễn Quang Siêu,NhanVat
An Hòa,NhanVat
Tập tin:Duytanthongbao.jpg,NhanVat
Tập tin:Vua Duy Tân năm 1930 ảnh phục dựng chuẩn.jpg,NhanVat
vô tuyến điện,NhanVat
tú tài,NhanVat
cưỡi ngựa,NhanVat
1970,Nam
Quân đội Pháp,ToChuc
18 tháng 6,NgayThang
Đức Quốc xã,NhanVat
Đức,NhanVat
Chính phủ Vichy,NhanVat
hạ sĩ,NhanVat
Đại tá,NhanVat
binh nhì,NhanVat
tháng sáu,NhanVat
Forêt Noire,NhanVat
29 tháng 10,NgayThang
Thiếu úy,NhanVat
5 tháng 12,NgayThang
Trung úy,NhanVat
Đại úy,NhanVat
Thiếu tá,NhanVat
25 tháng 9,NgayThang
Tập tin:Duy Tan va cac ban dai radio.jpg,NhanVat
Philippe de Villers,NhanVat
E.P Thébault,NhanVat
Cao Văn Luận,NhanVat
Việt kiều,NhanVat
Tập tin:Duy Tan gia.jpg,NhanVat
Bourget,NhanVat
GMT,NhanVat
hoa tiêu,NhanVat
28 tháng 3,NgayThang
Trường Đại học Kiến trúc Sài Gòn,NhanVat
Trường Đại học Luật khoa Sài Gòn,NhanVat
Phạm Duy,NhanVat
1985,Nam
1992,Nam
"Saint-Denis, Réunion",NhanVat
Cầu Giấy (quận),NhanVat
2013,Nam
Phạm Văn Đồng,NhanVat
Nguyễn Văn Linh,NhanVat
Quân khu 5,NhanVat
Sân bay Quốc tế Đà Nẵng,NhanVat
Trường Đại học Duy Tân,NhanVat
La Réunion,NhanVat
giá thú,NhanVat
Hội đồng hoàng tộc,ToChuc
ly dị,NhanVat
1928,Nam
1929,Nam
Guy Georges Vĩnh San,NhanVat
Yves Claude Vĩnh San,NhanVat
17 tháng 4,NgayThang
Ernestine Yvette Maillot,NhanVat
Hoàng tử Bảo Thắng,NhanVat
Đại Nam Long tinh Viện,NhanVat
Thể loại:Khởi nghĩa Vua Duy Tân,NhanVat
Thể loại:Hoàng tử Thành Thái,NhanVat
Ứng Lăng,DiaDiem
18 tháng 5,NgayThang
Trương Như Thị Tịnh,NhanVat
Hồ Thị Chỉ,NhanVat
#Gia đình,NhanVat
Hoằng Tông,NhanVat
Tập tin:Roi-Khai-Dinh.jpg,NhanVat
Tập tin:L'empereur Khai Dinh à Hué (...)Agence de btv1b90244044 1.jpg,NhanVat
Huế (thành phố thuộc tỉnh),NhanVat
báo chí,NhanVat
Phong trào giải phóng dân tộc Việt Nam (1885–1945),NhanVat
1 tháng 9,NgayThang
kinh thành,NhanVat
Đánh bạc,NhanVat
Tập tin:Empereur d'annam Khai-Dinh un costume-trois-pièces.jpg,NhanVat
Tập tin:Khải Định's 1922 visit to France.jpg,NhanVat
20 tháng 5,NgayThang
Phan Châu Trinh,NhanVat
Thư thất điều,NhanVat
Vi hành,NhanVat
Con rồng tre,NhanVat
Ngô Đức Kế,NhanVat
Phương Tây,NhanVat
ca dao,NhanVat
lăng,NhanVat
Lăng Khải Định,NhanVat
"Tập tin:Cờ long tinh tại lễ an táng Hoàng đế Khải Định (1925) , đoàn quan chức.jpg",NhanVat
20 tháng 9,NgayThang
Ất Sửu,NhanVat
Tập tin:7tien.jpg,NhanVat
Hoàng Trọng Tích,NhanVat
1918,Nam
Hồ Đắc Trung,NhanVat
Phạm Thị Hoài (Khải Định),NhanVat
Nguyễn Thị Tịnh,NhanVat
Nguyễn Phúc Miên Miêu,NhanVat
Nguyễn Đình Thị Liên,NhanVat
Nguyễn Đình Hoè,NhanVat
Trần Đăng Thị Thông,NhanVat
Ngô Thị Trang,NhanVat
Thể loại:Tử vong vì bệnh lao,NhanVat
Thể loại:Sinh năm 1885,NhanVat
Thể loại:Mất năm 1925,NhanVat
Thể loại:Hoàng tử Đồng Khánh,NhanVat
Thể loại:Hoàng tộc đồng tính nam,NhanVat
Thể loại:Người LGBT Việt Nam,NhanVat
Thể loại:Mất thế kỷ 20 do bệnh lao,NhanVat
Thể loại:Hoàng tộc LGBT,NhanVat
Lăng Hiệp Hòa,DiaDiem
30 tháng 7,NgayThang
Lăng tẩm Huế#Lăng Hiệp Hòa,NhanVat
thụy,NhanVat
Án sát sứ,NhanVat
Nguyễn Phúc Bửu Trác,NhanVat
Kim Long,NhanVat
1995,Nam
1891,Nam
Oscar Chapuis,NhanVat
Trung Hoa,NhanVat
Louis Eugène Palasne de Champeaux,NhanVat
Tập tin:Croquis au crayon de Hiệp-Hòa par de Champeaux.jpg,NhanVat
tháng mười một,NhanVat
François Jules Harmand,NhanVat
Thể loại:Sinh năm 1847,NhanVat
Thể loại:Mất năm 1883,NhanVat
